Designator,Mid X,Mid Y,Rotation,Layer
C1,112.141,-99.187,0,top
C2,98.425,-99.73,-90,top
C3,98.425,-104.556,90,top
C4,116.52,-101.6,180,top
D1,120.65,-107.95,90,top
R1,116.078,-105.537,-90,top
R2,112.141,-105.537,-90,top
R3,109.982,-105.537,-90,top
R4,118.364,-107.95,-90,top
R5,114.3,-105.537,90,top
R6,105.891995,-99.222,-90,top
U1,102.349,-102.778,-90,top
U2,111.77375,-101.99475,180,top