Designator,Mid X,Mid Y,Rotation,Layer
C1,98.425,-99.73,-90,top
C2,98.425,-104.556,90,top
C3,116.52,-101.6,180,top
C4,112.268,-98.679,90,top
C5,110.49,-98.679,90,top
D1,123.2,-107.95,90,top
J3,80.01,-106.100001,180,top
R1,121.2,-107.95,-90,top
R2,105.891995,-99.222,-90,top
R3,109.728,-105.664,-90,top
R4,113.919,-105.664,90,top
R5,112.141,-105.664,90,top
R6,117.602,-105.664,-90,top
R7,115.824,-105.664,90,top
U1,102.349,-102.778,-90,top
U2,111.77375,-101.99475,180,top
